<?xml version="1.0"?>
<skin version="1.0" name="Nacht" author="LongTail Video">

	<settings>
		<setting name="backcolor" value="0x000000" />
		<setting name="frontcolor" value="0xFFFFFF" />
		<setting name="lightcolor" value="0x000000" />
		<setting name="screencolor" value="0x000000" />
	</settings>

	<components>
		<component name="controlbar">
			<settings>
				<setting name="margin" value="0" />
				<setting name="fontsize" value="10" />
			</settings>

			<elements>
				<element name="background" src="background.png" />
								
				<element name="blankButton" src="blankButton.png" />
				<element name="blankButtonOver" src="blankButton.png" />
				
				<element name="playButton" src="playButton.png" />
				<element name="playButtonOver" src="playButton.png" />
				
				<element name="pauseButton" src="pauseButton.png" />
				<element name="pauseButtonOver" src="pauseButton.png" />
				
				<element name="timeSliderRail" src="timeSliderRail.png" />      							
				<element name="timeSliderBuffer" src="timeSliderBuffer.png" />
				<element name="timeSliderProgress" src="timeSliderProgress.png" />
				<element name="timeSliderThumb" src="timeSliderThumb.png" />
				

				<element name="muteButton" src="muteButton.png" />
				<element name="muteButtonOver" src="muteButton.png" />
				
				<element name="unmuteButton" src="unmuteButton.png" />
				<element name="unmuteButtonOver" src="unmuteButton.png" />
				
				<element name="volumeSliderRail" src="volumeSliderRail.png" />
				<element name="volumeSliderProgress" src="volumeSliderProgress.png" />


				<element name="fullscreenButton" src="fullscreenButton.png" />
				<element name="fullscreenButtonOver" src="fullscreenButton.png" />
				
				<element name="normalscreenButton" src="normalscreenButton.png" />
				<element name="normalscreenButtonOver" src="normalscreenButton.png" />

			</elements>
		</component>
		
		<component name="display">
			<elements>
				<element name="background" src="background.png" />
				<element name="playIcon" src="playIcon.png" />
				<element name="muteIcon" src="muteIcon.png" />
				<element name="errorIcon" src="errorIcon.png" />
				<element name="bufferIcon" src="bufferIcon.png" />
			</elements>
		</component>
		
		

	</components>

</skin>